patient_id,variant_id,disease_status
p1,rs839345,healthy
p2,rs242694,healthy
p3,rs498810,diseased
p4,rs215414,diseased
p5,rs147423,diseased
p6,rs539844,healthy
p7,rs990024,healthy
p8,rs940066,healthy
p9,rs754042,healthy
p10,rs992945,diseased
p11,rs147423,healthy
p12,rs498810,healthy
p13,rs676947,diseased
p14,rs638671,healthy
p15,rs968998,healthy
p16,rs500582,healthy
p17,rs147423,healthy
p18,rs215414,healthy
p19,rs200810,diseased
p20,rs839345,diseased
p21,rs397622,healthy
p22,rs147423,healthy
p23,rs684040,healthy
p24,rs754042,healthy
p25,rs968998,healthy
p26,rs818384,healthy
p27,rs843058,healthy
p28,rs329027,healthy
p29,rs839131,healthy
p30,rs227692,healthy
p31,rs701200,healthy
p32,rs754042,diseased
p33,rs818384,healthy
p34,rs992945,healthy
p35,rs111518,healthy
p36,rs451033,healthy
p37,rs200810,healthy
p38,rs200810,diseased
p39,rs338011,healthy
p40,rs451033,healthy
p41,rs481551,diseased
p42,rs137729,healthy
p43,rs187141,healthy
p44,rs481551,healthy
p45,rs638671,healthy
p46,rs500582,diseased
p47,rs111518,healthy
p48,rs701200,healthy
p49,rs516777,healthy
p50,rs147423,healthy
p51,rs397622,diseased
p52,rs129236,diseased
p53,rs839345,diseased
p54,rs992945,healthy
p55,rs839131,healthy
p56,rs510071,healthy
p57,rs129236,healthy
p58,rs112663,healthy
p59,rs940066,healthy
p60,rs500582,healthy
p61,rs684040,diseased
p62,rs839345,healthy
p63,rs129236,healthy
p64,rs940066,healthy
p65,rs839131,healthy
p66,rs498810,healthy
p67,rs451033,diseased
p68,rs968998,healthy
p69,rs684040,healthy
p70,rs925337,healthy
p71,rs828589,healthy
p72,rs187141,diseased
p73,rs112663,healthy
p74,rs187141,diseased
p75,rs990024,healthy
p76,rs241052,healthy
p77,rs589243,diseased
p78,rs701200,healthy
p79,rs925337,healthy
p80,rs187141,healthy
p81,rs539844,healthy
p82,rs990024,diseased
p83,rs701200,healthy
p84,rs451033,healthy
p85,rs828589,diseased
p86,rs925337,diseased
p87,rs242694,healthy
p88,rs516777,healthy
p89,rs495478,healthy
p90,rs925337,diseased
p91,rs839131,healthy
p92,rs701200,diseased
p93,rs697297,healthy
p94,rs111518,healthy
p95,rs187141,healthy
p96,rs992945,diseased
p97,rs676947,healthy
p98,rs147423,healthy
p99,rs701200,healthy
p100,rs137729,healthy
p101,rs925337,diseased
p102,rs215414,healthy
p103,rs754042,healthy
p104,rs793445,diseased
p105,rs500582,healthy
p106,rs754042,diseased
p107,rs839345,healthy
p108,rs539844,healthy
p109,rs839131,healthy
p110,rs112663,healthy
p111,rs992945,healthy
p112,rs925337,diseased
p113,rs730803,healthy
p114,rs925337,healthy
p115,rs200810,healthy
p116,rs952274,healthy
p117,rs329027,healthy
p118,rs839131,healthy
p119,rs241052,healthy
p120,rs730803,diseased
p121,rs112663,healthy
p122,rs828589,healthy
p123,rs925337,diseased
p124,rs270458,diseased
p125,rs451033,healthy
p126,rs793445,healthy
p127,rs942630,healthy
p128,rs942630,healthy
p129,rs215414,healthy
p130,rs500582,healthy
p131,rs701200,healthy
p132,rs828589,healthy
p133,rs992945,healthy
p134,rs992945,healthy
p135,rs187141,healthy
p136,rs397622,healthy
p137,rs992945,healthy
p138,rs112663,healthy
p139,rs968998,healthy
p140,rs397622,diseased
p141,rs128693,healthy
p142,rs839345,healthy
p143,rs481551,healthy
p144,rs147423,diseased
p145,rs495478,healthy
p146,rs589243,diseased
p147,rs968998,healthy
p148,rs839131,healthy
p149,rs968998,healthy
p150,rs942630,healthy
p151,rs793445,healthy
p152,rs539844,healthy
p153,rs451033,healthy
p154,rs839131,healthy
p155,rs215414,healthy
p156,rs839131,diseased
p157,rs510071,healthy
p158,rs200810,healthy
p159,rs952274,diseased
p160,rs589243,healthy
p161,rs684040,diseased
p162,rs112663,healthy
p163,rs992945,healthy
p164,rs697297,healthy
p165,rs539844,healthy
p166,rs754042,healthy
p167,rs329027,healthy
p168,rs701200,diseased
p169,rs968998,healthy
p170,rs638671,healthy
p171,rs397622,healthy
p172,rs839345,healthy
p173,rs952274,healthy
p174,rs828589,healthy
p175,rs137729,healthy
p176,rs616580,healthy
p177,rs589243,healthy
p178,rs730803,healthy
p179,rs990024,healthy
p180,rs510071,diseased
p181,rs215414,healthy
p182,rs200810,healthy
p183,rs128693,healthy
p184,rs940066,healthy
p185,rs510071,healthy
p186,rs500582,healthy
p187,rs684040,healthy
p188,rs329027,diseased
p189,rs616580,healthy
p190,rs187141,healthy
p191,rs697297,healthy
p192,rs242694,diseased
p193,rs730803,diseased
p194,rs616580,healthy
p195,rs510071,healthy
p196,rs684040,healthy
p197,rs828589,healthy
p198,rs754042,healthy
p199,rs925337,healthy
p200,rs992945,diseased
